id,name,model_id:id,group_id:id,perm_read,perm_write,perm_create,perm_unlink
access_tt_cancellation_policy_all,access_tt_cancellation_policy_all,model_cancellation_policy,,1,0,0,0
access_tt_cancellation_policy_ho,access_tt_cancellation_policy_ho,model_cancellation_policy,tt_base.group_tt_tour_travel_operator,1,1,1,0

access_hotel_find_similar_ho,access_hotel_find_similar_ho,model_tt_hotel_find_similar,tt_base.group_tt_tour_travel_operator,1,1,1,0
access_hotel_compare_ho,access_hotel_compare_ho,model_tt_hotel_compare,tt_base.group_tt_tour_travel_operator,1,1,1,0
access_hotel_compare_line_ho,access_hotel_compare_line_ho,model_tt_hotel_compare_line,tt_base.group_tt_tour_travel_operator,1,1,1,0

access_tt_hotel_facility_all,access_tt_hotel_facility_all,model_tt_hotel_facility,,1,0,0,0
access_tt_hotel_facility_ho,access_tt_hotel_facility_ho,model_tt_hotel_facility,tt_base.group_tt_tour_travel_operator,1,1,1,0
access_tt_hotel_facility_type_all,access_tt_hotel_facility_type_all,model_tt_hotel_facility_type,,1,0,0,0
access_tt_hotel_facility_type_ho,access_tt_hotel_facility_type_ho,model_tt_hotel_facility_type,tt_base.group_tt_tour_travel_operator,1,1,1,0
access_tt_hotel_facility_group_all,access_tt_hotel_facility_group_all,model_tt_hotel_facility_group,,1,0,0,0
access_tt_hotel_facility_group_ho,access_tt_hotel_facility_group_ho,model_tt_hotel_facility_group,tt_base.group_tt_tour_travel_operator,1,1,1,0

access_tt_hotel_image_all,access_tt_hotel_image_all,model_tt_hotel_image,,1,0,0,0
access_tt_hotel_image_ho,access_tt_hotel_image_ho,model_tt_hotel_image,tt_base.group_tt_tour_travel_operator,1,1,1,0

access_tt_hotel_info_all,access_tt_hotel_info_all,model_tt_hotel,,1,0,0,0
access_tt_hotel_info_ho,access_tt_hotel_info_ho,model_tt_hotel,tt_base.group_tt_tour_travel_operator,1,1,1,0

access_tt_reservation_hotel_all,access_tt_reservation_hotel_all,model_tt_reservation_hotel,,1,1,1,0
access_room_date_all,access_room_date_all,model_tt_room_date,,1,1,1,0
access_hotel_reservation_details_all,access_hotel_reservation_details_all,model_tt_hotel_reservation_details,,1,1,1,0
access_hotel_reservation_supplementary_all,access_hotel_reservation_supplementary_all,model_tt_hotel_reservation_supplementary,,1,1,1,0

access_hotel_type_all,access_hotel_type_all,model_tt_hotel_type,,1,0,0,0
access_hotel_type_ho,access_hotel_type_ho,model_tt_hotel_type,tt_base.group_tt_tour_travel_operator,1,1,1,0

access_landmark_all,access_landmark_all,model_tt_landmark,,1,1,1,0
access_landmark_type_all,access_landmark_type_all,model_tt_landmark_type,,1,1,1,0
access_landmark_distance_all,access_landmark_distance_all,model_tt_landmark_distance,,1,1,1,0
access_meal_type_all,access_meal_type_all,model_tt_meal_type,,1,1,1,0
access_hotel_image_settings_all,access_hotel_image_settings_all,model_hotel_image_settings,,1,1,1,0
access_room_info_all,access_room_info_all,model_tt_room_info,,1,1,1,0
access_room_rate_all,access_room_rate_all,model_tt_room_rate,,1,1,1,0
access_room_type_all,access_room_type_all,model_tt_room_type,,1,1,1,0
access_image_banner_all,access_image_banner_all,model_tt_image_banner,,1,1,1,0

access_city_type_all,access_city_type_all,model_res_city_type,,1,0,0,0
access_city_type_ho,access_city_type_ho,model_res_city_type,tt_base.group_tt_tour_travel_operator,1,1,1,0

access_scrap_history_ho,access_scrap_history_ho,model_scrap_history,tt_base.group_tt_tour_travel_operator,1,1,1,0
access_scrap_history_line_ho,access_scrap_history_line_ho,model_scrap_history_line,tt_base.group_tt_tour_travel_operator,1,1,1,0

access_provider_search_all,access_provider_search_all,model_tt_provider_search,tt_base.group_tt_tour_travel_operator,1,1,1,0
access_provider_search_line_all,access_provider_search_line_all,model_tt_provider_search_line,tt_base.group_tt_tour_travel_operator,1,1,1,0

