<?xml version="1.0" encoding="utf-8"?>
<odoo>
    <record model="ir.module.category" id="module_category_billing_statement">
        <field name="name">Billing Statement</field>
        <field name="description">To manage Billing Statement</field>
        <field name="sequence">0</field>
    </record>

    <record model="ir.module.category" id="module_category_agent_invoice">
        <field name="name">Agent Invoice</field>
        <field name="description">To manage Agent Invoice</field>
        <field name="sequence">0</field>
    </record>

    <record model="ir.module.category" id="module_category_sub_agent_user">
        <field name="name">Sub-Agent</field>
        <field name="description">For manage Sub-agent User security</field>
        <field name="sequence">1</field>
    </record>

    <record model="ir.module.category" id="module_category_agent_user">
        <field name="name">Agent User</field>
        <field name="description">Help you to manage your tours and travel</field>
        <field name="sequence">1</field>
    </record>

    <record model="ir.module.category" id="module_category_agent_management">
        <field name="name">Agent Management</field>
        <field name="description">Help you to manage your Agent and customer</field>
        <field name="sequence">2</field>
    </record>

    <record model="ir.module.category" id="module_category_ticketing_system">
        <field name="name">Ticketing System</field>
        <field name="description">Help you to manage ticketing</field>
        <field name="sequence">2</field>
    </record>

    <record model="ir.module.category" id="module_category_tour_travel_system">
        <field name="name">Tour and Travel</field>
        <field name="description">Help you to manage all over tours and travel app</field>
        <field name="sequence">2</field>
    </record>

    <record model="ir.module.category" id="module_category_admin_system">
        <field name="name">Admin</field>
        <field name="description">Admin of Skytors App</field>
        <field name="sequence">2</field>
    </record>

    <record model="ir.module.category" id="module_category_accounting_system">
        <field name="name">Accounting</field>
        <field name="description">Accounting Top Up management</field>
        <field name="sequence">2</field>
    </record>

</odoo>