<?xml version="1.0" encoding="utf-8"?>
<odoo>
    <data noupdate="1">
        <!-- Sequences for transport.booking -->
        <record id="seq_customer" model="ir.sequence">
            <field name="name">Customer</field>
            <field name="code">tt.customer</field>
            <field name="prefix">CU.%(day)s%(sec)s</field>
            <field name="padding">3</field>
            <field name="company_id" eval="False"/>
        </record>

        <record id="seq_payment_acquirer" model="ir.sequence">
            <field name="name">Payment Acquirer</field>
            <field name="code">pay.acq</field>
            <field name="prefix">PQR.%(day)s%(sec)s</field>
            <field name="padding">3</field>
            <field name="company_id" eval="False"/>
        </record>

        <record id="seq_customer_parent" model="ir.sequence">
            <field name="name">Customer Parent</field>
            <field name="code">cust.par</field>
            <field name="prefix">CTP.%(day)s%(sec)s</field>
            <field name="padding">3</field>
            <field name="company_id" eval="False"/>
        </record>

    </data>
</odoo>
