<?xml version="1.0" encoding="utf-8"?>
<odoo>
    <!--BILLING STATEMENT USER GROUP-->
    <record id="group_tt_billing_statement_operator" model="res.groups">
        <field name="name">Operator</field>
        <field name="category_id" ref="tt_base.module_category_billing_statement"/>
        <field name="implied_ids" eval="[(4, ref('base.group_user'))]"/>
    </record>

    <record id="group_tt_billing_statement_supervisor" model="res.groups">
        <field name="name">Supervisor</field>
        <field name="category_id" ref="tt_base.module_category_billing_statement"/>
        <field name="implied_ids" eval="[(4, ref('group_tt_billing_statement_operator'))]"/>
    </record>

    <record id="group_tt_billing_statement_manager" model="res.groups">
        <field name="name">Manager</field>
        <field name="category_id" ref="tt_base.module_category_billing_statement"/>
        <field name="implied_ids" eval="[(4, ref('group_tt_billing_statement_supervisor'))]"/>
    </record>

    <!--AGENT INVOICE USER GROUP-->
    <record id="group_tt_agent_invoice_operator" model="res.groups">
        <field name="name">Operator</field>
        <field name="category_id" ref="tt_base.module_category_agent_invoice"/>
        <field name="implied_ids" eval="[(4, ref('base.group_user'))]"/>
    </record>

    <record id="group_tt_agent_invoice_supervisor" model="res.groups">
        <field name="name">Supervisor</field>
        <field name="category_id" ref="tt_base.module_category_agent_invoice"/>
        <field name="implied_ids" eval="[(4, ref('group_tt_agent_invoice_operator'))]"/>
    </record>

    <record id="group_tt_agent_invoice_manager" model="res.groups">
        <field name="name">Manager</field>
        <field name="category_id" ref="tt_base.module_category_agent_invoice"/>
        <field name="implied_ids" eval="[(4, ref('group_tt_agent_invoice_supervisor'))]"/>
    </record>

    <!--SUB-AGENT USER GROUP-->
    <record id="group_tt_sub_agent_user_operator" model="res.groups">
        <field name="name">Operator</field>
        <field name="category_id" ref="tt_base.module_category_sub_agent_user"/>
        <field name="implied_ids" eval="[(4, ref('base.group_user'))]"/>
    </record>

    <record id="group_tt_sub_agent_user_supervisor" model="res.groups">
        <field name="name">Supervisor</field>
        <field name="category_id" ref="tt_base.module_category_sub_agent_user"/>
        <field name="implied_ids" eval="[(4, ref('group_tt_sub_agent_user_operator'))]"/>
    </record>

    <record id="group_tt_sub_agent_user_manager" model="res.groups">
        <field name="name">Manager</field>
        <field name="category_id" ref="tt_base.module_category_sub_agent_user"/>
        <field name="implied_ids" eval="[(4, ref('group_tt_sub_agent_user_supervisor'))]"/>
    </record>

    <!--AGENT USER GROUP-->
    <record id="group_tt_agent_user_operator" model="res.groups">
        <field name="name">Operator</field>
        <field name="category_id" ref="tt_base.module_category_agent_user"/>
        <field name="implied_ids" eval="[(4, ref('base.group_user'))]"/>
    </record>

    <record id="group_tt_agent_user_supervisor" model="res.groups">
        <field name="name">Supervisor</field>
        <field name="category_id" ref="tt_base.module_category_agent_user"/>
        <field name="implied_ids" eval="[(4, ref('group_tt_agent_user_operator'))]"/>
    </record>

    <record id="group_tt_agent_user_manager" model="res.groups">
        <field name="name">Manager</field>
        <field name="category_id" ref="tt_base.module_category_agent_user"/>
        <field name="implied_ids" eval="[(4, ref('group_tt_agent_user_supervisor'))]"/>
    </record>
    
    <!--AGENT MANAGEMENT GROUP-->
    <record id="group_tt_agent_management_operator" model="res.groups">
        <field name="name">Operator</field>
        <field name="category_id" ref="tt_base.module_category_agent_management"/>
        <field name="implied_ids" eval="[(4, ref('base.group_user'))]"/>
    </record>

    <record id="group_tt_agent_management_supervisor" model="res.groups">
        <field name="name">Supervisor</field>
        <field name="category_id" ref="tt_base.module_category_agent_management"/>
        <field name="implied_ids" eval="[(4, ref('group_tt_agent_management_operator'))]"/>
    </record>
    
    <record id="group_tt_agent_management_manager" model="res.groups">
        <field name="name">Manager</field>
        <field name="category_id" ref="tt_base.module_category_agent_management"/>
        <field name="implied_ids" eval="[(4, ref('group_tt_agent_management_supervisor'))]"/>
    </record>

     <!--TICKETING SYSTEMN GROUP-->
    <record id="group_tt_ticketing_operator" model="res.groups">
        <field name="name">Operator</field>
        <field name="category_id" ref="tt_base.module_category_ticketing_system"/>
        <field name="implied_ids" eval="[(4, ref('base.group_user'))]"/>
    </record>

    <record id="group_tt_ticketing_manager" model="res.groups">
        <field name="name">Supervisor</field>
        <field name="category_id" ref="tt_base.module_category_ticketing_system"/>
        <field name="implied_ids" eval="[(4, ref('group_tt_ticketing_operator'))]"/>
    </record>
    
    <record id="group_tt_ticketing_manager" model="res.groups">
        <field name="name">Manager</field>
        <field name="category_id" ref="tt_base.module_category_ticketing_system"/>
        <field name="implied_ids" eval="[(4, ref('group_tt_ticketing_manager'))]"/>
    </record>

    <!--TOUR AND TRAVEL SYSTEM GROUP-->
    <record id="group_tt_tour_travel_operator" model="res.groups">
        <field name="name">Operator</field>
        <field name="category_id" ref="tt_base.module_category_tour_travel_system"/>
        <field name="implied_ids" eval="[(4, ref('base.group_user'))]"/>
    </record>

    <record id="group_tt_tour_travel_supervisor" model="res.groups">
        <field name="name">Supervisor</field>
        <field name="category_id" ref="tt_base.module_category_tour_travel_system"/>
        <field name="implied_ids" eval="[(4, ref('group_tt_tour_travel_operator'))]"/>
    </record>

    <record id="group_tt_tour_travel_manager" model="res.groups">
        <field name="name">Manager</field>
        <field name="category_id" ref="tt_base.module_category_tour_travel_system"/>
        <field name="implied_ids" eval="[(4, ref('group_tt_tour_travel_supervisor'))]"/>
    </record>

    <!-- ACCOUNTING & TOP UP SYSTEM GROUP -->

    <record id="group_tt_accounting_operator" model="res.groups">
        <field name="name">Operator</field>
        <field name="category_id" ref="tt_base.module_category_accounting_system"/>
        <field name="implied_ids" eval="[(4, ref('base.group_user'))]"/>
    </record>

    <!-- LINK kan group yg baur dibuat dengan ADMIN-->
    <record id="base.user_admin" model="res.users">
        <field name="groups_id" eval="[(4,ref('tt_base.group_tt_tour_travel_manager')),(4,ref('tt_base.group_tt_agent_management_manager')),(4,ref('tt_base.group_tt_agent_invoice_manager')),(4,ref('tt_base.group_tt_billing_statement_manager'))]"/>
    </record>
    <record id="base.user_root" model="res.users">
        <field name="groups_id" eval="[(4,ref('tt_base.group_tt_tour_travel_manager')),(4,ref('tt_base.group_tt_agent_management_manager')),(4,ref('tt_base.group_tt_agent_invoice_manager')),(4,ref('tt_base.group_tt_billing_statement_manager'))]"/>
    </record>
</odoo>
