<odoo>
    <record id="tt_customer_for_agent" model="ir.rule">
        <field name="name">Customer For Agent</field>
        <field name="model_id" ref="model_tt_customer"/>
        <field name="domain_force">[('agent_id','=',user.agent_id.id)]</field>  <!--['|',('agent_id','=',user.agent_id.id),('sub_agent_id','=',user.agent_id.id)]-->  <!--[('agent_id','=',user.agent_id.id)]-->
        <field name="groups" eval="[(4,ref('tt_base.group_tt_agent_user_operator'))]"/>  <!--,(4,ref('tt_base.group_tt_sub_agent_user_operator'))-->
    </record>
</odoo>